handle,title,silhouette,color,confidence,source,confirmed_by_client
hld-00066,ウエディングドレス HLD-00066,princess,ivory,high,sample,
y00036,ウエディングドレス Y00036,princess,white,high,photo,
fb390,FB390,princess,ivory,high,photo,
n00054,カラードレス N00054,a-line,yellow,low,photo,
n00055,カラードレス N00055,a-line,blue,low,photo,
bld-00055-14,カラードレス BLD-00052-10,princess,blue,low,photo,
bld-00055-09,カラードレス BLD-00055-09,a-line,red,high,sample,
bld-00055-32,カラードレス BLD-00055-32,a-line,blue,high,sample,
bld-00055-10,カラードレス BLD-00055-11,a-line,navy,high,sample,
bld-00053-05,カラードレス BLD-00053-05,a-line,yellow,low,photo,
bld-00055-15,カラードレス BLD-00055-14,a-line,green,high,sample,
bld-00051-05,カラードレス BLD-00051-05,princess,yellow,high,sample,
bld-00051-13,カラードレス BLD-00051-13,princess,green,high,photo,
bld-00051-23,カラードレス BLD-00051-23,princess,brown,high,photo,
aad-00009-16,カラードレス AAD-00009-16,a-line,purple,high,photo,
aad-00032-26,カラードレス AAD-00032-26,princess,black,low,photo,
aad-00032-06,カラードレス AAD-00032-06,princess,pink,high,photo,
aad-00030-07,カラードレス AAD-00030-09,a-line,purple,high,photo,
aad-00030-09,カラードレス AAD-00030-07,a-line,orange,high,photo,
aad-00017-07,カラードレス AAD-00017-07,a-line,orange,low,photo,
aad-00022-23,カラードレス AAD-00022-23,princess,brown,low,photo,
aad-00015-27,カラードレス AAD-00015-27,princess,pink,high,photo,
hld-00059-01,ウエディングドレス HLD-00059-01,princess,white,high,sample,
hld-00043-01,ウエディングドレス HLD-00043-01,a-line,ivory,high,sample,
hl051,ウエディングドレス HL051（Y00010）,princess,white,high,photo,
hl053,ウエディングドレス HL053（Y00011）,princess,ivory,high,photo,
y00020,ウエディングドレス Y00020,princess,ivory,high,photo,
y00021,ウエディングドレス Y00021,princess,white,high,photo,
y00022,ウエディングドレス Y00022,princess,ivory,high,photo,
y00025,ウエディングドレス Y00025,a-line,white,low,photo,
y00026,ウエディングドレス Y00026,a-line,white,low,photo,
hl072,ウエディングドレス HL072（Y00023）,princess,white,high,photo,
y00027,ウエディングドレス Y00027,princess,white,high,photo,
y00028,ウエディングドレス Y00028,princess,white,high,photo,
y00029,ウエディングドレス Y00029,princess,white,high,photo,
y00032,ウエディングドレス Y00032,princess,ivory,high,photo,
y00033,ウエディングドレス Y00033,princess,white,high,photo,
y00034,ウエディングドレス Y00034,princess,ivory,high,photo,
y00035,ウエディングドレス Y00035,princess,ivory,high,photo,
mv0391,ウエディングドレス MV0391（Y00059）,a-line,white,high,photo,
y00044,ウエディングドレス Y00044,princess,ivory,low,photo,
y00057,ウエディングドレス Y00057,a-line,white,high,photo,
mvd-00381-01,ウエディングドレス MVD-00381-01,a-line,white,high,photo,
y00055,ウエディングドレス Y00055,a-line,white,high,photo,
y00056,ウエディングドレス Y00056,a-line,ivory,low,photo,
frd-00097-13,カラードレス FRD-00097-13,princess,green,high,photo,
aad-00015-07,カラードレス AAD-00015-07,princess,orange,high,photo,
n00053,カラードレス N00053,princess,yellow,low,photo,
n00076,カラードレス N00076,princess,red,low,photo,
n00060,カラードレス N00060,princess,black,high,photo,
n00079,カラードレス N00079,princess,brown,high,photo,
n00075,カラードレス N00075,princess,green,low,photo,
n00073,カラードレス N00073,a-line,pink,low,photo,
mv0398,カラードレス MV0398（N00056）,princess,yellow,high,photo,
mv9813,カラードレス MV9813（N00022）,princess,blue,high,photo,
n00057,カラードレス N00057,princess,pink,high,photo,
ay6001,カラードレス AY6001,princess,blue,high,sample,
ay5601,カラードレス AY5601,princess,brown,high,sample,
